n Humans,Human(ms),Pose(ms),Total
0,2578,,3187.26801872
0,1241,,1263.70596886
0,1232,,1261.32512093
0,1220,,1252.45404243
0,1223,,1256.52194023
0,1221,,1257.87115097
1,1223,1672,2966.97807312
1,1222,783,2080.69396019
1,1227,781,2082.89313316
1,1224,777,2077.20398903
1,1224,778,2078.82094383
1,1219,778,2076.12991333
1,1220,782,2085.3729248
1,1227,775,2089.31398392
1,1226,777,2092.63014793
1,1225,779,2090.98696709
1,1223,780,2095.75200081
1,1230,782,2099.58195686
1,1223,781,2092.65995026
1,1224,780,2092.98205376
1,1220,782,2092.52715111
1,1219,777,2086.95411682
1,1233,776,2098.87504578
1,1226,776,2093.47391129
1,1219,783,2091.76588058
1,1222,779,2090.9178257
1,1222,783,2098.93012047
1,1226,783,2099.88594055
1,1223,778,2091.41683578
1,1221,782,2094.58494186
1,1224,783,2097.33700752
1,1227,836,2153.92684937
1,1224,783,2098.31905365
1,1221,780,2091.43590927
1,1218,781,2090.32082558
1,1257,777,2124.52697754
1,1229,781,2101.82619095
1,1221,780,2092.75603294
1,1222,775,2090.05594254
1,1223,778,2099.82299805
1,1225,774,2090.59500694
1,1231,780,2102.42700577
1,1222,782,2095.54696083
1,1223,781,2095.78800201
1,1224,783,2098.94609451
1,1221,787,2102.39815712
1,1224,782,2097.34082222
1,1224,778,2092.87500381
1,1230,775,2098.05893898
1,1230,776,2097.07903862
1,1223,781,2097.6369381
1,1224,786,2101.47690773
1,1223,783,2094.71797943
1,1223,781,2096.73309326
1,1224,781,2096.42601013
1,1227,784,2102.44989395
1,1224,777,2091.7840004
1,1227,777,2096.81200981
1,1230,775,2095.94511986
1,1228,780,2098.78993034
1,1231,783,2104.30693626
1,1226,783,2098.89006615
1,1223,874,2187.06583977
1,1221,782,2093.13082695
1,1225,784,2099.06578064
1,1224,777,2095.18718719
1,1223,777,2091.19009972
1,1224,779,2094.68483925
1,1222,783,2094.7971344
1,1230,782,2101.58896446
1,1221,781,2092.49901772
1,1224,782,2096.2100029
1,1223,782,2091.73488617
1,1225,783,2097.85604477
1,1229,776,2100.02708435
1,1219,775,2083.35399628
1,1223,777,2092.57698059
1,1223,778,2089.74409103
1,1224,777,2090.77811241
1,1228,783,2098.16193581
1,1224,782,2096.01712227
1,1223,779,2092.55409241
1,1222,781,2092.35596657
0,1222,,1272.10712433
1,1230,783,2101.70793533
1,1221,783,2093.36400032
1,1224,782,2094.78402138
1,1223,781,2092.9851532
1,1220,786,2094.83194351
1,1223,783,2095.22008896
1,1221,778,2087.79716492
1,1222,894,2205.55400848
1,1223,780,2091.0449028
1,1225,780,2094.88487244
1,1219,783,2091.69983864
1,1224,779,2092.92888641
1,1222,780,2092.78798103
1,1222,779,2095.86215019
1,1227,782,2099.30992126
1,1225,777,2087.34583855
1,1223,775,2087.77594566
1,1223,775,2081.11906052
1,1221,779,2090.71612358
1,1225,780,2094.67983246
1,1224,781,2093.57690811
1,1224,781,2094.22016144
1,1221,782,2092.26799011
1,1223,784,2099.48015213
0,1220,,1269.98090744
0,1222,,1271.8398571
0,1223,,1272.63402939
0,1222,,1272.69721031
0,1229,,1278.59807014
1,1223,781,2092.72003174
1,1229,781,2099.15614128
1,1222,780,2090.68202972
1,1222,782,2091.96710587
1,1220,781,2090.32201767
1,1223,781,2092.09394455
1,1232,775,2095.18003464
1,1228,776,2090.4378891
1,1228,781,2100.78501701
1,1222,781,2089.76697922
1,1332,780,2198.83298874
1,1221,783,2096.51899338
1,1217,782,2086.67802811
1,1221,780,2089.13588524
1,1220,774,2080.60789108
1,1224,779,2094.43879128
1,1223,776,2080.8429718
1,1225,779,2090.37184715
1,1217,782,2085.56199074
1,1220,782,2089.92195129
1,1228,780,2094.79188919
1,1224,781,2090.23404121
1,1220,782,2088.54198456
1,1219,781,2088.98496628
1,1228,775,2091.17794037
1,1234,775,2096.99201584
1,1227,779,2094.13218498
1,1221,781,2091.2899971
1,1222,782,2091.13001823
1,1222,783,2097.62692451
1,1222,781,2094.71201897
1,1221,781,2089.47896957
1,1220,781,2089.56098557
1,1221,777,2088.87505531
1,1224,781,2092.83590317
1,1224,775,2082.08394051
1,1223,784,2094.85387802
1,1223,782,2090.52300453
1,1218,779,2083.47678185
1,1228,782,2097.57089615
1,1359,783,2228.35206985
1,1224,776,2087.50295639
1,1227,776,2090.95811844
1,1229,777,2094.49601173
1,1229,782,2099.52998161
1,1223,781,2092.94199944
2,1225,1560,2912.13321686
1,1227,780,2095.28803825
0,1228,,1277.75812149
1,1222,781,2092.27991104
0,1220,,1269.18101311
0,1225,,1273.88691902
0,1222,,1269.26016808
0,1220,,1268.77689362
0,1227,,1275.63405037
0,1227,,1275.45809746
0,1224,,1272.73893356
0,1221,,1269.54984665
0,1223,,1272.44615555
0,1224,,1272.33600616
0,1223,,1270.5719471
0,1230,,1277.50205994
0,1221,,1268.86200905
0,1227,,1279.6421051
0,1224,,1271.81792259
0,1230,,1278.35988998
0,1223,,1270.57003975
1,1225,780,2090.59095383
0,1219,,1266.16406441
0,1223,,1269.79494095
0,1228,,1274.84202385
0,1223,,1273.98204803
0,1228,,1275.46191216
0,1224,,1272.45378494
0,1223,,1271.12102509
0,1224,,1271.65794373
0,1220,,1268.54896545
0,1225,,1275.06613731
0,1227,,1275.58708191
0,1226,,1274.6720314
1,1223,777,2087.99791336
0,1226,,1274.55997467
0,1321,,1368.48497391
0,1227,,1275.14505386
0,1224,,1271.59285545
0,1228,,1276.64399147
0,1224,,1283.27298164
0,1224,,1272.6521492
0,1224,,1274.09696579
0,1222,,1271.49891853
0,1230,,1279.01792526
0,1219,,1265.52700996
0,1227,,1276.19981766
0,1233,,1283.09202194
1,1218,784,2090.5251503
1,1221,782,2092.21506119
1,1224,778,2089.76507187
1,1225,780,2092.70691872
1,1228,780,2096.79412842
1,1223,784,2095.26991844
1,1224,776,2088.02390099
0,1225,,1275.75206757
1,1223,780,2092.80204773
1,1229,781,2099.24507141
1,1224,783,2096.01593018
1,1221,782,2095.52502632
1,1222,777,2093.70994568
1,1225,777,2090.97790718
1,1226,777,2097.95212746
1,1224,773,2086.13014221
0,1226,,1275.9771347
1,1222,781,2092.23389626
0,1223,,1272.75919914
1,1223,779,2091.32909775
0,1221,,1276.71909332
0,1223,,1272.57084846
0,1224,,1274.06907082
0,1222,,1271.79193497
0,1227,,1275.57682991
0,1225,,1274.59096909
0,1224,,1273.83899689
0,1306,,1355.62896729
0,1225,,1274.84297752
0,1222,,1272.23992348
0,1225,,1278.11288834
0,1225,,1274.29795265
0,1224,,1273.98896217
0,1220,,1273.26107025
0,1229,,1277.28891373
0,1229,,1273.13899994
0,1225,,1272.97902107
0,1223,,1278.08094025
0,1227,,1274.87707138
0,1224,,1271.35300636
0,1223,,1270.38097382
0,1232,,1278.20515633
0,1226,,1273.11205864
0,1225,,1272.82619476
0,1226,,1273.22912216
0,1225,,1272.3429203
0,1223,,1269.93703842
1,1223,778,2089.21909332
2,1225,1559,2917.51408577
1,1221,781,2090.07406235
1,1226,776,2092.96011925
2,1231,1554,2908.45012665
2,1230,1562,2916.83411598
1,1227,776,2099.5900631
1,1224,774,2092.22483635
1,1228,781,2097.20492363
2,1225,1559,2909.22808647
2,1223,1558,2906.26192093
2,1231,1555,2914.23201561
2,1223,1559,2907.52792358
2,1233,1674,3033.10704231
2,1230,1555,2910.75491905
2,1225,1554,2905.36904335
2,1225,1573,2927.78205872
2,1224,1559,2907.82403946
2,1224,1566,2914.59703445
2,1219,1565,2909.91306305
2,1230,1563,2918.25485229
2,1223,1562,2909.93094444
3,1220,2338,3723.6700058
3,1224,2343,3733.10685158
3,1224,2345,3735.31413078
3,1222,2345,3731.45890236
3,1229,2341,3734.26508904
3,1227,2335,3727.23913193
3,1225,2345,3735.27288437
3,1225,2349,3737.89787292
3,1225,2338,3731.1630249
3,1226,2340,3731.1630249
3,1220,2402,3786.58103943
3,1222,2345,3732.69701004
3,1230,2342,3737.17403412
3,1225,2338,3728.13391685
3,1224,2344,3736.04488373
3,1227,2345,3737.55908012
3,1229,2342,3744.28296089
3,1223,2345,3731.14895821
3,1233,2344,3738.42716217
3,1221,2346,3729.5320034
3,1231,2341,3737.7140522
3,1225,2359,3746.49310112
4,1224,3125,4550.13918877
2,1228,1568,2920.30382156
3,1227,2349,3735.8148098
